,token,char
0,1,赋
1,2,揭
2,3,媲
3,4,恍
4,5,驶
5,6,丰
6,7,勋
7,8,肠
8,9,咯
9,10,茶
10,11,蛋
11,12,瘪
12,13,谗
13,14,嗣
14,15,涸
15,16,刁
16,17,婴
17,18,h
18,19,汹
19,20,否
20,21,渔
21,22,苓
22,23,风
23,24,然
24,25,盼
25,26,苟
26,27,还
27,28,鄱
28,29,珀
29,30,贻
30,31,棰
31,32,铅
32,33,沈
33,34,掷
34,35,莹
35,36,勿
36,37,舒
37,38,追
38,39,帐
39,40,跆
40,41,镀
41,42,芹
42,43,叹
43,44,荤
44,45,衰
45,46,倍
46,47,萧
47,48,厚
48,49,劲
49,50,舰
50,51,倔
51,52,漆
52,53,沐
53,54,潍
54,55,泱
55,56,落
56,57,瓷
57,58,宰
58,59,缤
59,60,亩
60,61,嫩
61,62,壑
62,63,蘑
63,64,歇
64,65,恤
65,66,侧
66,67,咧
67,68,彻
68,69,退
69,70,斥
70,71,簇
71,72,偶
72,73,择
73,74,悴
74,75,『
75,76,淤
76,77,店
77,78,糠
78,79,迭
79,80,制
80,81,逮
81,82,讥
82,83,盏
83,84,俨
84,85,入
85,86,住
86,87,琛
87,88,堕
88,89,翱
89,90,∶
90,91,戛
91,92,痂
92,93,芸
93,94,担
94,95,蹄
95,96,句
96,97,泼
97,98,缈
98,99,殃
99,100,气
100,101,偕
101,102,雄
102,103,刨
103,104,旬
104,105,腰
105,106,践
106,107,勃
107,108,睡
108,109,猜
109,110,诿
110,111,酚
111,112,扔
112,113,玩
113,114,洙
114,115,苦
115,116,竿
116,117,受
117,118,菌
118,119,箔
119,120,渚
120,121,刻
121,122,蹴
122,123,啼
123,124,魏
124,125,露
125,126,—
126,127,徙
127,128,予
128,129,？
129,130,帮
130,131,邸
131,132,埂
132,133,谕
133,134,睽
134,135,摔
135,136,憔
136,137,粹
137,138,楼
138,139,她
139,140,t
140,141,辩
141,142,职
142,143,式
143,144,洋
144,145,》
145,146,馋
146,147,汩
147,148,犁
148,149,铐
149,150,疝
150,151,偃
151,152,熹
152,153,提
153,154,运
154,155,莽
155,156,赣
156,157,希
157,158,供
158,159,摹
159,160,筐
160,161,周
161,162,互
162,163,槽
163,164,馈
164,165,胥
165,166,母
166,167,蜒
167,168,皂
168,169,栽
169,170,残
170,171,崴
171,172,泓
172,173,坠
173,174,沼
174,175,蓑
175,176,步
176,177,狮
177,178,芷
178,179,闸
179,180,于
180,181,牲
181,182,m
182,183,鉴
183,184,赘
184,185,医
185,186,哮
186,187,纺
187,188,涕
188,189,莘
189,190,吱
190,191,翘
191,192,饬
192,193,衷
193,194,呜
194,195,掖
195,196,法
196,197,杰
197,198,酷
198,199,裂
199,200,杠
200,201,栖
201,202,铎
202,203,恕
203,204,漠
204,205,弟
205,206,搀
206,207,跪
207,208,鹰
208,209,裹
209,210,猗
210,211,燮
211,212,洽
212,213,苜
213,214,攀
214,215,q
215,216,障
216,217,Ⅲ
217,218,救
218,219,题
219,220,辱
220,221,驾
221,222,谐
222,223,哇
223,224,仁
224,225,窒
225,226,疾
226,227,嫣
227,228,普
228,229,筚
229,230,挡
230,231,穴
231,232,梓
232,233,甩
233,234,丈
234,235,垫
235,236,垦
236,237,摊
237,238,粪
238,239,五
239,240,楷
240,241,肢
241,242,姊
242,243,须
243,244,奖
244,245,馨
245,246,愈
246,247,而
247,248,琪
248,249,惯
249,250,采
250,251,视
251,252,昭
252,253,睿
253,254,缉
254,255,相
255,256,恸
256,257,战
257,258,给
258,259,绿
259,260,身
260,261,赝
261,262,髦
262,263,哼
263,264,瞪
264,265,踊
265,266,6
266,267,蟠
267,268,雏
268,269,蛇
269,270,点
270,271,推
271,272,碍
272,273,阪
273,274,曹
274,275,劳
275,276,伟
276,277,啦
277,278,秦
278,279,诅
279,280,慕
280,281,矫
281,282,孕
282,283,齿
283,284,协
284,285,只
285,286,捂
286,287,吊
287,288,罚
288,289,色
289,290,荼
290,291,涉
291,292,衅
292,293,煽
293,294,炬
294,295,苍
295,296,峋
296,297,痒
297,298,讯
298,299,海
299,300,什
300,301,羚
301,302,寝
302,303,塞
303,304,考
304,305,瞬
305,306,根
306,307,莨
307,308,律
308,309,宵
309,310,舱
310,311,啥
311,312,辨
312,313,蔑
313,314,鞋
314,315,拾
315,316,厘
316,317,艺
317,318,企
318,319,棋
319,320,诸
320,321,骝
321,322,溺
322,323,袋
323,324,福
324,325,竹
325,326,痪
326,327,耘
327,328,纂
328,329,豆
329,330,婚
330,331,独
331,332,羔
332,333,陀
333,334,畜
334,335,劝
335,336,饱
336,337,技
337,338,陇
338,339,甄
339,340,日
340,341,裕
341,342,佃
342,343,糊
343,344,茄
344,345,蛳
345,346,蜓
346,347,淀
347,348,谢
348,349,蜀
349,350,侍
350,351,降
351,352,戳
352,353,叙
353,354,咛
354,355,譬
355,356,蚤
356,357,胪
357,358,俩
358,359,竺
359,360,鱼
360,361,艘
361,362,鹿
362,363,匮
363,364,妮
364,365,浪
365,366,湃
366,367,硕
367,368,淘
368,369,共
369,370,照
370,371,绝
371,372,煎
372,373,利
373,374,晌
374,375,蠕
375,376,瘫
376,377,胞
377,378,鲜
378,379,铉
379,380,输
380,381,打
381,382,亭
382,383,晚
383,384,刹
384,385,猖
385,386,卉
386,387,陷
387,388,渥
388,389,兖
389,390,悯
390,391,莫
391,392,嗟
392,393,动
393,394,就
394,395,苹
395,396,估
396,397,诣
397,398,泡
398,399,锰
399,400,邡
400,401,对
401,402,液
402,403,表
403,404,剧
404,405,作
405,406,撅
406,407,歹
407,408,丧
408,409,喜
409,410,奕
410,411,缩
411,412,卧
412,413,娩
413,414,均
414,415,神
415,416,猎
416,417,骨
417,418,蒸
418,419,鸽
419,420,％
420,421,馍
421,422,噘
422,423,甘
423,424,殍
424,425,扇
425,426,贷
426,427,拨
427,428,啧
428,429,逼
429,430,阡
430,431,伦
431,432,燧
432,433,炙
433,434,橘
434,435,俄
435,436,怖
436,437,娅
437,438,纱
438,439,躁
439,440,问
440,441,簧
441,442,续
442,443,瑙
443,444,位
444,445,渗
445,446,林
446,447,味
447,448,汲
448,449,芬
449,450,臆
450,451,戌
451,452,漓
452,453,签
453,454,先
454,455,蹲
455,456,粮
456,457,嘟
457,458,寂
458,459,潸
459,460,吆
460,461,勇
461,462,讽
462,463,槲
463,464,告
464,465,柯
465,466,爱
466,467,辣
467,468,鹂
468,469,噪
469,470,脊
470,471,巢
471,472,方
472,473,饼
473,474,膊
474,475,宣
475,476,抉
476,477,扮
477,478,牦
478,479,顷
479,480,贸
480,481,锲
481,482,昼
482,483,祺
483,484,舜
484,485,螂
485,486,喃
486,487,己
487,488,农
488,489,疫
489,490,设
490,491,旅
491,492,阀
492,493,甜
493,494,鸾
494,495,研
495,496,纠
496,497,债
497,498,荫
498,499,冕
499,500,宪
500,501,霖
501,502,扰
502,503,档
503,504,隧
504,505,迪
505,506,米
506,507,旗
507,508,舵
508,509,仅
509,510,院
510,511,县
511,512,砀
512,513,漱
513,514,滔
514,515,总
515,516,败
516,517,磷
517,518,献
518,519,殿
519,520,刊
520,521,唱
521,522,阜
522,523,秤
523,524,邝
524,525,啄
525,526,凝
526,527,尼
527,528,柠
528,529,荣
529,530,挝
530,531,石
531,532,浴
532,533,乖
533,534,听
534,535,务
535,536,析
536,537,绍
537,538,势
538,539,康
539,540,找
540,541,畹
541,542,昆
542,543,滕
543,544,统
544,545,鼠
545,546,闺
546,547,轻
547,548,煤
548,549,购
549,550,奔
550,551,劈
551,552,爸
552,553,识
553,554,补
554,555,朽
555,556,鹏
556,557,涛
557,558,吨
558,559,禾
559,560,瑛
560,561,看
561,562,绳
562,563,跷
563,564,抚
564,565,讷
565,566,镕
566,567,僵
567,568,躲
568,569,凛
569,570,逻
570,571,润
571,572,铃
572,573,倡
573,574,现
574,575,狂
575,576,旷
576,577,圳
577,578,唯
578,579,璀
579,580,坂
580,581,偷
581,582,膜
582,583,平
583,584,袱
584,585,议
585,586,）
586,587,葺
587,588,操
588,589,逾
589,590,葡
590,591,篮
591,592,遗
592,593,费
593,594,榻
594,595,了
595,596,撒
596,597,磅
597,598,虎
598,599,刮
599,600,肘
600,601,迅
601,602,助
602,603,垒
603,604,花
604,605,臊
605,606,馒
606,607,轨
607,608,凋
608,609,啃
609,610,钛
610,611,华
611,612,欲
612,613,祝
613,614,嬗
614,615,吁
615,616,2
616,617,椭
617,618,却
618,619,往
619,620,漂
620,621,陪
621,622,矜
622,623,鄙
623,624,移
624,625,绽
625,626,腿
626,627,因
627,628,恨
628,629,蛀
629,630,赅
630,631,。
631,632,办
632,633,鸫
633,634,咄
634,635,溟
635,636,沮
636,637,百
637,638,结
638,639,善
639,640,亚
640,641,套
641,642,缓
642,643,岱
643,644,馁
644,645,纤
645,646,咆
646,647,璨
647,648,拐
648,649,武
649,650,组
650,651,傲
651,652,汾
652,653,芯
653,654,正
654,655,禀
655,656,骚
656,657,木
657,658,胧
658,659,貉
659,660,噢
660,661,栉
661,662,葳
662,663,铨
663,664,散
664,665,猿
665,666,蒲
666,667,蔚
667,668,控
668,669,锥
669,670,盗
670,671,盘
671,672,孵
672,673,疤
673,674,桃
674,675,饺
675,676,放
676,677,椎
677,678,勐
678,679,莺
679,680,迟
680,681,蟑
681,682,弧
682,683,赌
683,684,趁
684,685,窍
685,686,要
686,687,诤
687,688,贵
688,689,惜
689,690,父
690,691,釜
691,692,爪
692,693,吮
693,694,瞌
694,695,沽
695,696,为
696,697,刀
697,698,撼
698,699,阁
699,700,酸
700,701,犯
701,702,蚊
702,703,羲
703,704,烨
704,705,迄
705,706,殷
706,707,濡
707,708,蔡
708,709,终
709,710,豹
710,711,柑
711,712,致
712,713,麋
713,714,揆
714,715,加
715,716,醒
716,717,爷
717,718,么
718,719,淖
719,720,居
720,721,艮
721,722,窟
722,723,压
723,724,讣
724,725,面
725,726,杼
726,727,酋
727,728,同
728,729,些
729,730,哑
730,731,曦
731,732,澡
732,733,啊
733,734,裳
734,735,解
735,736,牌
736,737,究
737,738,陵
738,739,竭
739,740,扛
740,741,情
741,742,坟
742,743,迫
743,744,缗
744,745,雕
745,746,抨
746,747,重
747,748,姆
748,749,阱
749,750,稻
750,751,杂
751,752,内
752,753,老
753,754,悟
754,755,嗜
755,756,抱
756,757,贱
757,758,激
758,759,訇
759,760,薪
760,761,跳
761,762,翡
762,763,糕
763,764,焊
764,765,泌
765,766,谈
766,767,雯
767,768,兢
768,769,9
769,770,泞
770,771,纫
771,772,顾
772,773,再
773,774,檐
774,775,讨
775,776,钓
776,777,甬
777,778,喧
778,779,珞
779,780,Ⅴ
780,781,集
781,782,溅
782,783,箕
783,784,瑟
784,785,吏
785,786,溃
786,787,兰
787,788,淑
788,789,骞
789,790,秸
790,791,触
791,792,伉
792,793,奢
793,794,仗
794,795,昙
795,796,韧
796,797,鲢
797,798,钮
798,799,租
799,800,尉
800,801,饪
801,802,别
802,803,揉
803,804,姿
804,805,乒
805,806,浑
806,807,牟
807,808,雷
808,809,篱
809,810,帙
810,811,柄
811,812,臧
812,813,撰
813,814,秉
814,815,巴
815,816,粟
816,817,芳
817,818,痛
818,819,蚁
819,820,又
820,821,座
821,822,飞
822,823,扣
823,824,缘
824,825,鸿
825,826,块
826,827,湾
827,828,攸
828,829,信
829,830,镶
830,831,贼
831,832,直
832,833,瓜
833,834,冠
834,835,榉
835,836,汞
836,837,牢
837,838,焕
838,839,卫
839,840,赉
840,841,谊
841,842,释
842,843,凰
843,844,凸
844,845,嫂
845,846,擦
846,847,桥
847,848,算
848,849,局
849,850,惩
850,851,叮
851,852,叛
852,853,磊
853,854,菩
854,855,抒
855,856,耍
856,857,勰
857,858,懊
858,859,抖
859,860,行
860,861,挎
861,862,涌
862,863,恳
863,864,浮
864,865,译
865,866,察
866,867,肥
867,868,泫
868,869,与
869,870,袤
870,871,诺
871,872,晃
872,873,翟
873,874,意
874,875,旱
875,876,贝
876,877,赏
877,878,珙
878,879,税
879,880,把
880,881,矗
881,882,潋
882,883,世
883,884,湖
884,885,盛
885,886,彤
886,887,砧
887,888,俎
888,889,智
889,890,卿
890,891,储
891,892,夯
892,893,孝
893,894,各
894,895,乓
895,896,僧
896,897,撕
897,898,废
898,899,妨
899,900,霉
900,901,建
901,902,道
902,903,鳟
903,904,窗
904,905,慵
905,906,廷
906,907,空
907,908,棠
908,909,掩
909,910,骤
910,911,近
911,912,洒
912,913,奶
913,914,量
914,915,珠
915,916,颗
916,917,舶
917,918,纲
918,919,摞
919,920,俪
920,921,以
921,922,透
922,923,澹
923,924,屿
924,925,聒
925,926,鹳
926,927,禄
927,928,宜
928,929,钙
929,930,浓
930,931,培
931,932,炽
932,933,尸
933,934,垛
934,935,煞
935,936,参
936,937,峪
937,938,柜
938,939,藕
939,940,〔
940,941,砺
941,942,央
942,943,清
943,944,故
944,945,源
945,946,硅
946,947,麓
947,948,埔
948,949,兮
949,950,癌
950,951,x
951,952,昧
952,953,雇
953,954,颅
954,955,力
955,956,锹
956,957,全
957,958,报
958,959,瞻
959,960,峙
960,961,劣
961,962,靠
962,963,矢
963,964,鹗
964,965,刺
965,966,颊
966,967,尧
967,968,垮
968,969,翁
969,970,潞
970,971,帝
971,972,枷
972,973,疏
973,974,肴
974,975,f
975,976,伯
976,977,枫
977,978,显
978,979,惠
979,980,岚
980,981,沸
981,982,更
982,983,阴
983,984,喝
984,985,覆
985,986,峨
986,987,肃
987,988,聩
988,989,鬣
989,990,亮
990,991,邻
991,992,虏
992,993,览
993,994,潘
994,995,吻
995,996,淡
996,997,笆
997,998,汇
998,999,祚
999,1000,责
1000,1001,雹
1001,1002,消
1002,1003,码
1003,1004,铣
1004,1005,幡
1005,1006,头
1006,1007,料
1007,1008,崽
1008,1009,疆
1009,1010,屎
1010,1011,莠
1011,1012,狯
1012,1013,李
1013,1014,惮
1014,1015,众
1015,1016,贾
1016,1017,诋
1017,1018,抄
1018,1019,嘘
1019,1020,塾
1020,1021,孜
1021,1022,炼
1022,1023,桑
1023,1024,烘
1024,1025,持
1025,1026,矿
1026,1027,屯
1027,1028,雨
1028,1029,拆
1029,1030,迥
1030,1031,礁
1031,1032,毫
1032,1033,政
1033,1034,态
1034,1035,胚
1035,1036,孺
1036,1037,腐
1037,1038,崇
1038,1039,兽
1039,1040,祖
1040,1041,娴
1041,1042,忿
1042,1043,群
1043,1044,菪
1044,1045,胱
1045,1046,冷
1046,1047,耽
1047,1048,资
1048,1049,札
1049,1050,辐
1050,1051,贩
1051,1052,涧
1052,1053,〕
1053,1054,霁
1054,1055,防
1055,1056,揶
1056,1057,狭
1057,1058,滂
1058,1059,罕
1059,1060,毕
1060,1061,窘
1061,1062,灼
1062,1063,模
1063,1064,饭
1064,1065,四
1065,1066,聘
1066,1067,龚
1067,1068,淫
1068,1069,狰
1069,1070,恒
1070,1071,炫
1071,1072,妒
1072,1073,摘
1073,1074,虞
1074,1075,紫
1075,1076,啬
1076,1077,疚
1077,1078,址
1078,1079,丙
1079,1080,钎
1080,1081,钻
1081,1082,原
1082,1083,霏
1083,1084,股
1084,1085,厌
1085,1086,n
1086,1087,崩
1087,1088,缨
1088,1089,辇
1089,1090,钟
1090,1091,旦
1091,1092,守
1092,1093,骑
1093,1094,囹
1094,1095,③
1095,1096,部
1096,1097,亲
1097,1098,梁
1098,1099,潭
1099,1100,畴
1100,1101,疸
1101,1102,侮
1102,1103,弦
1103,1104,该
1104,1105,猴
1105,1106,丫
1106,1107,赛
1107,1108,已
1108,1109,腾
1109,1110,茬
1110,1111,湮
1111,1112,葬
1112,1113,篓
1113,1114,乏
1114,1115,s
1115,1116,述
1116,1117,戟
1117,1118,颂
1118,1119,其
1119,1120,旮
1120,1121,媛
1121,1122,轮
1122,1123,肪
1123,1124,绚
1124,1125,彗
1125,1126,徕
1126,1127,聚
1127,1128,摇
1128,1129,瑜
1129,1130,彩
1130,1131,冲
1131,1132,饶
1132,1133,渤
1133,1134,率
1134,1135,威
1135,1136,撤
1136,1137,略
1137,1138,迈
1138,1139,贿
1139,1140,欺
1140,1141,哺
1141,1142,趟
1142,1143,鹊
1143,1144,畿
1144,1145,秆
1145,1146,劾
1146,1147,赚
1147,1148,博
1148,1149,o
1149,1150,沪
1150,1151,趣
1151,1152,愉
1152,1153,昨
1153,1154,碰
1154,1155,鑫
1155,1156,响
1156,1157,厅
1157,1158,睫
1158,1159,绕
1159,1160,懿
1160,1161,淬
1161,1162,抵
1162,1163,路
1163,1164,鄂
1164,1165,穷
1165,1166,颤
1166,1167,嚣
1167,1168,赐
1168,1169,墅
1169,1170,卵
1170,1171,起
1171,1172,贡
1172,1173,民
1173,1174,仆
1174,1175,热
1175,1176,跃
1176,1177,固
1177,1178,谁
1178,1179,尘
1179,1180,嫖
1180,1181,感
1181,1182,榴
1182,1183,青
1183,1184,惑
1184,1185,笈
1185,1186,畦
1186,1187,播
1187,1188,浃
1188,1189,港
1189,1190,瞰
1190,1191,帧
1191,1192,亦
1192,1193,呗
1193,1194,飨
1194,1195,斯
1195,1196,沥
1196,1197,奏
1197,1198,勾
1198,1199,皱
1199,1200,折
1200,1201,兀
1201,1202,雳
1202,1203,伙
1203,1204,卸
1204,1205,苎
1205,1206,傻
1206,1207,铁
1207,1208,麟
1208,1209,英
1209,1210,潺
1210,1211,捡
1211,1212,镰
1212,1213,射
1213,1214,蔬
1214,1215,畅
1215,1216,拣
1216,1217,反
1217,1218,帷
1218,1219,盆
1219,1220,惚
1220,1221,省
1221,1222,策
1222,1223,药
1223,1224,笑
1224,1225,暴
1225,1226,廊
1226,1227,逞
1227,1228,畔
1228,1229,暨
1229,1230,尤
1230,1231,缺
1231,1232,谜
1232,1233,狞
1233,1234,揄
1234,1235,融
1235,1236,弓
1236,1237,耆
1237,1238,学
1238,1239,萍
1239,1240,殉
1240,1241,眷
1241,1242,乾
1242,1243,坷
1243,1244,贞
1244,1245,犬
1245,1246,誊
1246,1247,盎
1247,1248,哗
1248,1249,棣
1249,1250,锢
1250,1251,泣
1251,1252,谟
1252,1253,刑
1253,1254,芒
1254,1255,哭
1255,1256,囤
1256,1257,熠
1257,1258,傍
1258,1259,窑
1259,1260,盅
1260,1261,难
1261,1262,仔
1262,1263,杈
1263,1264,临
1264,1265,励
1265,1266,廉
1266,1267,买
1267,1268,孤
1268,1269,实
1269,1270,悖
1270,1271,飙
1271,1272,耳
1272,1273,俭
1273,1274,悍
1274,1275,堪
1275,1276,伺
1276,1277,如
1277,1278,烙
1278,1279,潜
1279,1280,厕
1280,1281,芜
1281,1282,划
1282,1283,硬
1283,1284,稀
1284,1285,擅
1285,1286,棕
1286,1287,袄
1287,1288,苷
1288,1289,恐
1289,1290,靖
1290,1291,脍
1291,1292,失
1292,1293,昂
1293,1294,辫
1294,1295,溜
1295,1296,葆
1296,1297,芥
1297,1298,焙
1298,1299,险
1299,1300,爵
1300,1301,保
1301,1302,Ⅳ
1302,1303,爬
1303,1304,臂
1304,1305,匪
1305,1306,筏
1306,1307,炯
1307,1308,薰
1308,1309,术
1309,1310,刍
1310,1311,害
1311,1312,倾
1312,1313,隶
1313,1314,刽
1314,1315,关
1315,1316,粑
1316,1317,叩
1317,1318,徘
1318,1319,说
1319,1320,裤
1320,1321,氤
1321,1322,府
1322,1323,铭
1323,1324,芝
1324,1325,狼
1325,1326,竟
1326,1327,懒
1327,1328,杜
1328,1329,嘱
1329,1330,框
1330,1331,佐
1331,1332,胫
1332,1333,咂
1333,1334,黯
1334,1335,钉
1335,1336,机
1336,1337,巅
1337,1338,谅
1338,1339,胺
1339,1340,吠
1340,1341,植
1341,1342,丘
1342,1343,毯
1343,1344,醐
1344,1345,－
1345,1346,伍
1346,1347,噬
1347,1348,针
1348,1349,沧
1349,1350,瓶
1350,1351,犟
1351,1352,坤
1352,1353,椽
1353,1354,栏
1354,1355,主
1355,1356,梯
1356,1357,枢
1357,1358,级
1358,1359,夺
1359,1360,夭
1360,1361,潇
1361,1362,颠
1362,1363,航
1363,1364,赡
1364,1365,驳
1365,1366,圭
1366,1367,盐
1367,1368,乍
1368,1369,吗
1369,1370,夷
1370,1371,伐
1371,1372,疡
1372,1373,萌
1373,1374,浩
1374,1375,趋
1375,1376,勉
1376,1377,尬
1377,1378,俺
1378,1379,良
1379,1380,鲍
1380,1381,类
1381,1382,嵘
1382,1383,纽
1383,1384,早
1384,1385,亟
1385,1386,最
1386,1387,泻
1387,1388,澳
1388,1389,争
1389,1390,至
1390,1391,向
1391,1392,鲭
1392,1393,r
1393,1394,赤
1394,1395,薇
1395,1396,羽
1396,1397,撮
1397,1398,唇
1398,1399,拎
1399,1400,琥
1400,1401,余
1401,1402,谚
1402,1403,敏
1403,1404,招
1404,1405,弱
1405,1406,瞵
1406,1407,蜚
1407,1408,封
1408,1409,午
1409,1410,亡
1410,1411,渐
1411,1412,物
1412,1413,笃
1413,1414,钬
1414,1415,每
1415,1416,音
1416,1417,或
1417,1418,萃
1418,1419,圣
1419,1420,灯
1420,1421,迤
1421,1422,庄
1422,1423,末
1423,1424,连
1424,1425,护
1425,1426,凭
1426,1427,驮
1427,1428,袍
1428,1429,比
1429,1430,展
1430,1431,赴
1431,1432,离
1432,1433,葵
1433,1434,膻
1434,1435,秘
1435,1436,跚
1436,1437,唐
1437,1438,雍
1438,1439,坊
1439,1440,憧
1440,1441,紧
1441,1442,慨
1442,1443,·
1443,1444,蟹
1444,1445,克
1445,1446,疗
1446,1447,誉
1447,1448,媳
1448,1449,谒
1449,1450,教
1450,1451,场
1451,1452,灵
1452,1453,私
1453,1454,搏
1454,1455,祠
1455,1456,役
1456,1457,脑
1457,1458,溯
1458,1459,蹋
1459,1460,歉
1460,1461,煌
1461,1462,辞
1462,1463,帼
1463,1464,巍
1464,1465,下
1465,1466,淆
1466,1467,陕
1467,1468,庞
1468,1469,锈
1469,1470,忑
1470,1471,剖
1471,1472,拌
1472,1473,借
1473,1474,哽
1474,1475,蠢
1475,1476,果
1476,1477,稠
1477,1478,乞
1478,1479,蜻
1479,1480,逝
1480,1481,盖
1481,1482,咎
1482,1483,彰
1483,1484,岗
1484,1485,讪
1485,1486,仿
1486,1487,槛
1487,1488,传
1488,1489,螃
1489,1490,酉
1490,1491,及
1491,1492,恺
1492,1493,化
1493,1494,都
1494,1495,轰
1495,1496,搜
1496,1497,缝
1497,1498,骛
1498,1499,杲
1499,1500,七
1500,1501,强
1501,1502,范
1502,1503,室
1503,1504,裴
1504,1505,御
1505,1506,谷
1506,1507,龃
1507,1508,俯
1508,1509,捆
1509,1510,潮
1510,1511,藏
1511,1512,脾
1512,1513,凹
1513,1514,傣
1514,1515,活
1515,1516,肚
1516,1517,饰
1517,1518,诱
1518,1519,症
1519,1520,扳
1520,1521,擒
1521,1522,墩
1522,1523,瞩
1523,1524,斐
1524,1525,试
1525,1526,茔
1526,1527,佛
1527,1528,阳
1528,1529,函
1529,1530,砍
1530,1531,妆
1531,1532,芮
1532,1533,兜
1533,1534,胀
1534,1535,灰
1535,1536,逛
1536,1537,镐
1537,1538,靡
1538,1539,际
1539,1540,抛
1540,1541,窜
1541,1542,砂
1542,1543,垃
1543,1544,榷
1544,1545,峦
1545,1546,澜
1546,1547,浅
1547,1548,谱
1548,1549,绅
1549,1550,孑
1550,1551,垂
1551,1552,烬
1552,1553,蔼
1553,1554,冗
1554,1555,擞
1555,1556,黄
1556,1557,绮
1557,1558,钰
1558,1559,簸
1559,1560,圃
1560,1561,蚌
1561,1562,乙
1562,1563,薯
1563,1564,窃
1564,1565,d
1565,1566,国
1566,1567,轩
1567,1568,戮
1568,1569,丑
1569,1570,匈
1570,1571,釉
1571,1572,前
1572,1573,蚀
1573,1574,婷
1574,1575,台
1575,1576,叔
1576,1577,革
1577,1578,诲
1578,1579,饲
1579,1580,晒
1580,1581,游
1581,1582,忐
1582,1583,满
1583,1584,蓝
1584,1585,玲
1585,1586,橄
1586,1587,焘
1587,1588,惦
1588,1589,浊
1589,1590,匠
1590,1591,除
1591,1592,岁
1592,1593,狈
1593,1594,讳
1594,1595,材
1595,1596,褒
1596,1597,惹
1597,1598,绵
1598,1599,甲
1599,1600,贮
1600,1601,混
1601,1602,筷
1602,1603,谛
1603,1604,特
1604,1605,氓
1605,1606,景
1606,1607,姻
1607,1608,晖
1608,1609,亓
1609,1610,击
1610,1611,踏
1611,1612,合
1612,1613,魁
1613,1614,弈
1614,1615,检
1615,1616,被
1616,1617,千
1617,1618,慷
1618,1619,忍
1619,1620,曾
1620,1621,来
1621,1622,榆
1622,1623,泸
1623,1624,笋
1624,1625,蕙
1625,1626,调
1626,1627,械
1627,1628,谭
1628,1629,娱
1629,1630,栎
1630,1631,＋
1631,1632,较
1632,1633,樊
1633,1634,锏
1634,1635,瀚
1635,1636,涯
1636,1637,辄
1637,1638,氮
1638,1639,侯
1639,1640,顽
1640,1641,歆
1641,1642,毒
1642,1643,欢
1643,1644,队
1644,1645,腻
1645,1646,卤
1646,1647,服
1647,1648,锋
1648,1649,脚
1649,1650,禅
1650,1651,琐
1651,1652,崔
1652,1653,舞
1653,1654,姓
1654,1655,挂
1655,1656,街
1656,1657,袅
1657,1658,割
1658,1659,茎
1659,1660,醺
1660,1661,妖
1661,1662,书
1662,1663,大
1663,1664,留
1664,1665,戒
1665,1666,见
1666,1667,册
1667,1668,寥
1668,1669,变
1669,1670,尊
1670,1671,拯
1671,1672,售
1672,1673,沂
1673,1674,熟
1674,1675,炖
1675,1676,腥
1676,1677,罹
1677,1678,犊
1678,1679,忠
1679,1680,红
1680,1681,半
1681,1682,塌
1682,1683,钩
1683,1684,儿
1684,1685,使
1685,1686,樵
1686,1687,莎
1687,1688,剔
1688,1689,选
1689,1690,岖
1690,1691,矛
1691,1692,“
1692,1693,币
1693,1694,嘲
1694,1695,柱
1695,1696,斤
1696,1697,染
1697,1698,呐
1698,1699,很
1699,1700,汉
1700,1701,夜
1701,1702,媒
1702,1703,赔
1703,1704,玺
1704,1705,侃
1705,1706,p
1706,1707,郏
1707,1708,得
1708,1709,导
1709,1710,蝴
1710,1711,椿
1711,1712,猪
1712,1713,敦
1713,1714,掀
1714,1715,娆
1715,1716,井
1716,1717,止
1717,1718,竣
1718,1719,拖
1719,1720,岭
1720,1721,锡
1721,1722,琦
1722,1723,燃
1723,1724,悲
1724,1725,隋
1725,1726,丁
1726,1727,笔
1727,1728,枯
1728,1729,哈
1729,1730,韩
1730,1731,涂
1731,1732,滨
1732,1733,按
1733,1734,暑
1734,1735,巨
1735,1736,砌
1736,1737,捷
1737,1738,妍
1738,1739,番
1739,1740,恋
1740,1741,便
1741,1742,漏
1742,1743,健
1743,1744,仙
1744,1745,邑
1745,1746,貂
1746,1747,幄
1747,1748,靶
1748,1749,吴
1749,1750,蹊
1750,1751,檀
1751,1752,壁
1752,1753,瑶
1753,1754,愁
1754,1755,绛
1755,1756,肇
1756,1757,僚
1757,1758,腺
1758,1759,韫
1759,1760,鸠
1760,1761,剂
1761,1762,辜
1762,1763,茹
1763,1764,吞
1764,1765,髓
1765,1766,专
1766,1767,莆
1767,1768,案
1768,1769,构
1769,1770,醉
1770,1771,烤
1771,1772,咸
1772,1773,禹
1773,1774,祟
1774,1775,咽
1775,1776,妹
1776,1777,玖
1777,1778,辆
1778,1779,污
1779,1780,佳
1780,1781,盔
1781,1782,粼
1782,1783,期
1783,1784,吭
1784,1785,危
1785,1786,饮
1786,1787,烛
1787,1788,菊
1788,1789,睁
1789,1790,嗅
1790,1791,询
1791,1792,痼
1792,1793,灶
1793,1794,车
1794,1795,亥
1795,1796,纬
1796,1797,节
1797,1798,焰
1798,1799,糟
1799,1800,勘
1800,1801,瓢
1801,1802,郊
1802,1803,聊
1803,1804,丝
1804,1805,掣
1805,1806,趴
1806,1807,堡
1807,1808,眸
1808,1809,销
1809,1810,泾
1810,1811,停
1811,1812,搭
1812,1813,皓
1813,1814,网
1814,1815,〉
1815,1816,庖
1816,1817,顺
1817,1818,娲
1818,1819,绪
1819,1820,性
1820,1821,卦
1821,1822,陆
1822,1823,扯
1823,1824,慑
1824,1825,自
1825,1826,盟
1826,1827,栋
1827,1828,枭
1828,1829,逗
1829,1830,倚
1830,1831,疯
1831,1832,粽
1832,1833,僳
1833,1834,奸
1834,1835,桐
1835,1836,埋
1836,1837,囊
1837,1838,客
1838,1839,篪
1839,1840,荒
1840,1841,闷
1841,1842,糯
1842,1843,炒
1843,1844,浒
1844,1845,佝
1845,1846,锶
1846,1847,水
1847,1848,俘
1848,1849,绥
1849,1850,辑
1850,1851,橥
1851,1852,晕
1852,1853,，
1853,1854,菱
1854,1855,抬
1855,1856,璧
1856,1857,爆
1857,1858,濮
1858,1859,决
1859,1860,揽
1860,1861,丸
1861,1862,姐
1862,1863,诒
1863,1864,届
1864,1865,茂
1865,1866,肿
1866,1867,歪
1867,1868,篁
1868,1869,球
1869,1870,削
1870,1871,审
1871,1872,滴
1872,1873,绎
1873,1874,滇
1874,1875,幻
1875,1876,羞
1876,1877,痴
1877,1878,思
1878,1879,朋
1879,1880,●
1880,1881,宴
1881,1882,鹅
1882,1883,曼
1883,1884,评
1884,1885,恶
1885,1886,骼
1886,1887,眉
1887,1888,碘
1888,1889,据
1889,1890,哀
1890,1891,山
1891,1892,弛
1892,1893,沁
1893,1894,卢
1894,1895,岙
1895,1896,敢
1896,1897,兵
1897,1898,震
1898,1899,旁
1899,1900,壶
1900,1901,涝
1901,1902,圻
1902,1903,粉
1903,1904,吵
1904,1905,蜃
1905,1906,亿
1906,1907,尹
1907,1908,扶
1908,1909,炎
1909,1910,煜
1910,1911,差
1911,1912,娓
1912,1913,脉
1913,1914,贪
1914,1915,亘
1915,1916,延
1916,1917,靓
1917,1918,棺
1918,1919,箭
1919,1920,俏
1920,1921,鞠
1921,1922,容
1922,1923,筹
1923,1924,…
1924,1925,毛
1925,1926,求
1926,1927,诮
1927,1928,他
1928,1929,鸡
1929,1930,切
1930,1931,烁
1931,1932,砚
1932,1933,亢
1933,1934,享
1934,1935,赃
1935,1936,洌
1936,1937,整
1937,1938,墓
1938,1939,进
1939,1940,韵
1940,1941,穿
1941,1942,厉
1942,1943,趸
1943,1944,疹
1944,1945,遍
1945,1946,抓
1946,1947,适
1947,1948,‘
1948,1949,墨
1949,1950,措
1950,1951,矮
1951,1952,陡
1952,1953,鸟
1953,1954,涎
1954,1955,女
1955,1956,杆
1956,1957,焉
1957,1958,墙
1958,1959,呓
1959,1960,羌
1960,1961,押
1961,1962,频
1962,1963,舌
1963,1964,锌
1964,1965,捱
1965,1966,涣
1966,1967,纵
1967,1968,霾
1968,1969,徐
1969,1970,酥
1970,1971,砖
1971,1972,确
1972,1973,带
1973,1974,知
1974,1975,a
1975,1976,沙
1976,1977,扉
1977,1978,突
1978,1979,且
1979,1980,凌
1980,1981,妙
1981,1982,慢
1982,1983,裱
1983,1984,螺
1984,1985,出
1985,1986,需
1986,1987,翻
1987,1988,狐
1988,1989,惺
1989,1990,印
1990,1991,哄
1991,1992,号
1992,1993,卯
1993,1994,缭
1994,1995,弋
1995,1996,珲
1996,1997,蘸
1997,1998,尽
1998,1999,株
1999,2000,侈
2000,2001,厨
2001,2002,滥
2002,2003,扑
2003,2004,浆
2004,2005,郁
2005,2006,货
2006,2007,拿
2007,2008,闵
2008,2009,俊
2009,2010,奈
2010,2011,伫
2011,2012,钕
2012,2013,埃
2013,2014,妈
2014,2015,5
2015,2016,词
2016,2017,友
2017,2018,帜
2018,2019,酝
2019,2020,屋
2020,2021,衙
2021,2022,姨
2022,2023,蓄
2023,2024,逍
2024,2025,绑
2025,2026,旭
2026,2027,廛
2027,2028,捣
2028,2029,禺
2029,2030,历
2030,2031,磬
2031,2032,探
2032,2033,凿
2033,2034,西
2034,2035,席
2035,2036,、
2036,2037,兹
2037,2038,宇
2038,2039,条
2039,2040,兴
2040,2041,咐
2041,2042,宥
2042,2043,蒂
2043,2044,骋
2044,2045,馅
2045,2046,敷
2046,2047,苫
2047,2048,巩
2048,2049,仓
2049,2050,辅
2050,2051,絮
2051,2052,霹
2052,2053,榫
2053,2054,晔
2054,2055,嗬
2055,2056,桢
2056,2057,综
2057,2058,丛
2058,2059,郎
2059,2060,那
2060,2061,俑
2061,2062,蝉
2062,2063,邱
2063,2064,氲
2064,2065,徜
2065,2066,缔
2066,2067,礼
2067,2068,榨
2068,2069,慈
2069,2070,用
2070,2071,彦
2071,2072,峭
2072,2073,让
2073,2074,趾
2074,2075,孚
2075,2076,壮
2076,2077,虐
2077,2078,棉
2078,2079,奚
2079,2080,弑
2080,2081,凳
2081,2082,况
2082,2083,未
2083,2084,幅
2084,2085,干
2085,2086,怜
2086,2087,窠
2087,2088,廖
2088,2089,会
2089,2090,阶
2090,2091,禽
2091,2092,糜
2092,2093,椒
2093,2094,夸
2094,2095,八
2095,2096,玻
2096,2097,窄
2097,2098,赦
2098,2099,阔
2099,2100,去
2100,2101,铬
2101,2102,章
2102,2103,堆
2103,2104,夕
2104,2105,挽
2105,2106,橱
2106,2107,兆
2107,2108,随
2108,2109,婿
2109,2110,伞
2110,2111,餐
2111,2112,规
2112,2113,潢
2113,2114,河
2114,2115,谎
2115,2116,您
2116,2117,喂
2117,2118,苛
2118,2119,坡
2119,2120,拂
2120,2121,礴
2121,2122,汀
2122,2123,锗
2123,2124,卜
2124,2125,赵
2125,2126,箱
2126,2127,望
2127,2128,嵌
2128,2129,鼻
2129,2130,枇
2130,2131,纳
2131,2132,麒
2132,2133,藻
2133,2134,嘴
2134,2135,承
2135,2136,柴
2136,2137,郓
2137,2138,型
2138,2139,咕
2139,2140,立
2140,2141,铜
2141,2142,端
2142,2143,沱
2143,2144,恼
2144,2145,驼
2145,2146,羁
2146,2147,惟
2147,2148,痊
2148,2149,上
2149,2150,碉
2150,2151,瑚
2151,2152,谪
2152,2153,硒
2153,2154,拓
2154,2155,觑
2155,2156,板
2156,2157,姚
2157,2158,嘻
2158,2159,跟
2159,2160,焦
2160,2161,士
2161,2162,悠
2162,2163,涵
2163,2164,灿
2164,2165,佑
2165,2166,痰
2166,2167,证
2167,2168,画
2168,2169,吸
2169,2170,马
2170,2171,渴
2171,2172,产
2172,2173,狩
2173,2174,读
2174,2175,眯
2175,2176,磨
2176,2177,拒
2177,2178,摁
2178,2179,勤
2179,2180,蓉
2180,2181,孔
2181,2182,膀
2182,2183,菠
2183,2184,秒
2184,2185,另
2185,2186,芾
2186,2187,背
2187,2188,揪
2188,2189,警
2189,2190,极
2190,2191,拳
2191,2192,灭
2192,2193,祀
2193,2194,谣
2194,2195,底
2195,2196,蔺
2196,2197,芦
2197,2198,桅
2198,2199,军
2199,2200,牍
2200,2201,呼
2201,2202,匹
2202,2203,鬼
2203,2204,埠
2204,2205,公
2205,2206,织
2206,2207,纷
2207,2208,迷
2208,2209,颚
2209,2210,示
2210,2211,映
2211,2212,当
2212,2213,挑
2213,2214,琢
2214,2215,云
2215,2216,监
2216,2217,蛾
2217,2218,缎
2218,2219,效
2219,2220,镖
2220,2221,龄
2221,2222,枝
2222,2223,吐
2223,2224,授
2224,2225,纹
2225,2226,由
2226,2227,闹
2227,2228,架
2228,2229,笺
2229,2230,工
2230,2231,胶
2231,2232,注
2232,2233,造
2233,2234,指
2234,2235,没
2235,2236,苏
2236,2237,火
2237,2238,毙
2238,2239,斩
2239,2240,够
2240,2241,轴
2241,2242,粥
2242,2243,党
2243,2244,累
2244,2245,饿
2245,2246,妥
2246,2247,菅
2247,2248,脸
2248,2249,拄
2249,2250,介
2250,2251,促
2251,2252,戴
2252,2253,督
2253,2254,序
2254,2255,摧
2255,2256,洁
2256,2257,茅
2257,2258,胴
2258,2259,既
2259,2260,栾
2260,2261,璞
2261,2262,扼
2262,2263,卑
2263,2264,凡
2264,2265,野
2265,2266,牵
2266,2267,湿
2267,2268,扬
2268,2269,斜
2269,2270,瞒
2270,2271,耸
2271,2272,披
2272,2273,柬
2273,2274,语
2274,2275,伸
2275,2276,童
2276,2277,轼
2277,2278,鼓
2278,2279,者
2279,2280,氛
2280,2281,虬
2281,2282,惋
2282,2283,香
2283,2284,菏
2284,2285,处
2285,2286,船
2286,2287,森
2287,2288,搬
2288,2289,屠
2289,2290,淮
2290,2291,治
2291,2292,舛
2292,2293,笛
2293,2294,玫
2294,2295,滦
2295,2296,师
2296,2297,俱
2297,2298,橡
2298,2299,啡
2299,2300,锵
2300,2301,抽
2301,2302,捧
2302,2303,楞
2303,2304,遥
2304,2305,锯
2305,2306,嘉
2306,2307,湛
2307,2308,竞
2308,2309,蜷
2309,2310,是
2310,2311,像
2311,2312,碱
2312,2313,稍
2313,2314,觅
2314,2315,挟
2315,2316,拦
2316,2317,写
2317,2318,吹
2318,2319,滤
2319,2320,批
2320,2321,渭
2321,2322,圹
2322,2323,溢
2323,2324,低
2324,2325,邢
2325,2326,芭
2326,2327,宝
2327,2328,蔽
2328,2329,汁
2329,2330,蚣
2330,2331,演
2331,2332,踩
2332,2333,坳
2333,2334,獗
2334,2335,夏
2335,2336,燥
2336,2337,存
2337,2338,肺
2338,2339,癜
2339,2340,熄
2340,2341,通
2341,2342,氢
2342,2343,纶
2343,2344,年
2344,2345,品
2345,2346,钱
2346,2347,』
2347,2348,图
2348,2349,邮
2349,2350,笨
2350,2351,弹
2351,2352,籍
2352,2353,辖
2353,2354,搁
2354,2355,矩
2355,2356,羊
2356,2357,艰
2357,2358,茵
2358,2359,诵
2359,2360,尺
2360,2361,陶
2361,2362,链
2362,2363,涩
2363,2364,臃
2364,2365,渎
2365,2366,；
2366,2367,中
2367,2368,胜
2368,2369,罪
2369,2370,巾
2370,2371,乐
2371,2372,何
2372,2373,玉
2373,2374,膨
2374,2375,殴
2375,2376,讴
2376,2377,挣
2377,2378,丕
2378,2379,晦
2379,2380,渲
2380,2381,肌
2381,2382,伎
2382,2383,投
2383,2384,恢
2384,2385,嘤
2385,2386,幢
2386,2387,熔
2387,2388,蚩
2388,2389,伴
2389,2390,骸
2390,2391,侄
2391,2392,娃
2392,2393,缥
2393,2394,赠
2394,2395,陈
2395,2396,逢
2396,2397,远
2397,2398,×
2398,2399,经
2399,2400,份
2400,2401,皇
2401,2402,接
2402,2403,酱
2403,2404,洞
2404,2405,牧
2405,2406,痣
2406,2407,寇
2407,2408,待
2408,2409,庚
2409,2410,珍
2410,2411,分
2411,2412,舟
2412,2413,糖
2413,2414,娑
2414,2415,霄
2415,2416,滁
2416,2417,罔
2417,2418,夫
2418,2419,褂
2419,2420,蜜
2420,2421,袜
2421,2422,恬
2422,2423,跛
2423,2424,员
2424,2425,市
2425,2426,贫
2426,2427,敌
2427,2428,妊
2428,2429,炸
2429,2430,宅
2430,2431,影
2431,2432,严
2432,2433,尿
2433,2434,媚
2434,2435,佣
2435,2436,多
2436,2437,违
2437,2438,踌
2438,2439,搪
2439,2440,涤
2440,2441,擢
2441,2442,族
2442,2443,贬
2443,2444,冶
2444,2445,扒
2445,2446,截
2446,2447,槟
2447,2448,咖
2448,2449,掠
2449,2450,遒
2450,2451,猾
2451,2452,敬
2452,2453,偻
2453,2454,获
2454,2455,橙
2455,2456,褪
2456,2457,配
2457,2458,烧
2458,2459,站
2459,2460,滩
2460,2461,繁
2461,2462,罄
2462,2463,请
2463,2464,稷
2464,2465,襄
2465,2466,颖
2466,2467,晾
2467,2468,澈
2468,2469,玄
2469,2470,亏
2470,2471,箫
2471,2472,钥
2472,2473,甫
2473,2474,臻
2474,2475,静
2475,2476,姑
2476,2477,银
2477,2478,仑
2478,2479,昵
2479,2480,左
2480,2481,赎
2481,2482,圾
2482,2483,额
2483,2484,科
2484,2485,▲
2485,2486,符
2486,2487,裨
2487,2488,渍
2488,2489,啜
2489,2490,铺
2490,2491,爽
2491,2492,娼
2492,2493,畈
2493,2494,漪
2494,2495,名
2495,2496,岐
2496,2497,冰
2497,2498,摸
2498,2499,虾
2499,2500,稚
2500,2501,匾
2501,2502,踵
2502,2503,手
2503,2504,布
2504,2505,崛
2505,2506,寓
2506,2507,磺
2507,2508,侥
2508,2509,呱
2509,2510,坍
2510,2511,吕
2511,2512,殖
2512,2513,氏
2513,2514,敖
2514,2515,商
2515,2516,外
2516,2517,擎
2517,2518,锻
2518,2519,呆
2519,2520,翳
2520,2521,哨
2521,2522,碾
2522,2523,炭
2523,2524,们
2524,2525,铸
2525,2526,度
2526,2527,凑
2527,2528,冉
2528,2529,鼎
2529,2530,u
2530,2531,榕
2531,2532,砥
2532,2533,病
2533,2534,论
2534,2535,捉
2535,2536,筒
2536,2537,豫
2537,2538,兑
2538,2539,乘
2539,2540,域
2540,2541,闽
2541,2542,苑
2542,2543,邦
2543,2544,忻
2544,2545,金
2545,2546,丞
2546,2547,骂
2547,2548,扫
2548,2549,汗
2549,2550,妃
2550,2551,罐
2551,2552,门
2552,2553,傈
2553,2554,裔
2554,2555,邓
2555,2556,盯
2556,2557,垢
2557,2558,硫
2558,2559,垸
2559,2560,屉
2560,2561,泽
2561,2562,邯
2562,2563,冒
2563,2564,斑
2564,2565,慧
2565,2566,梗
2566,2567,郸
2567,2568,悦
2568,2569,珊
2569,2570,嘛
2570,2571,泷
2571,2572,灌
2572,2573,泛
2573,2574,挞
2574,2575,暗
2575,2576,聪
2576,2577,黝
2577,2578,断
2578,2579,嵩
2579,2580,钦
2580,2581,怨
2581,2582,殚
2582,2583,明
2583,2584,真
2584,2585,崭
2585,2586,宏
2586,2587,抠
2587,2588,两
2588,2589,侦
2589,2590,董
2590,2591,嫁
2591,2592,叫
2592,2593,团
2593,2594,涪
2594,2595,旧
2595,2596,帚
2596,2597,括
2597,2598,村
2598,2599,w
2599,2600,胖
2600,2601,膳
2601,2602,煮
2602,2603,稳
2603,2604,峥
2604,2605,坯
2605,2606,粤
2606,2607,柿
2607,2608,遨
2608,2609,佤
2609,2610,池
2610,2611,窥
2611,2612,恣
2612,2613,诀
2613,2614,错
2614,2615,缕
2615,2616,翩
2616,2617,嫉
2617,2618,施
2618,2619,鞭
2619,2620,厂
2620,2621,g
2621,2622,℃
2622,2623,皎
2623,2624,氦
2624,2625,愣
2625,2626,闾
2626,2627,令
2627,2628,杏
2628,2629,甚
2629,2630,瞟
2630,2631,验
2631,2632,拙
2632,2633,拜
2633,2634,委
2634,2635,铝
2635,2636,浜
2636,2637,醛
2637,2638,拍
2638,2639,抹
2639,2640,优
2640,2641,异
2641,2642,样
2642,2643,绌
2643,2644,岫
2644,2645,弊
2645,2646,砝
2646,2647,磐
2647,2648,奎
2648,2649,鞅
2649,2650,恪
2650,2651,屡
2651,2652,拼
2652,2653,塑
2653,2654,裁
2654,2655,诫
2655,2656,暂
2656,2657,攒
2657,2658,棱
2658,2659,酿
2659,2660,麻
2660,2661,次
2661,2662,绊
2662,2663,铙
2663,2664,仕
2664,2665,濑
2665,2666,盾
2666,2667,环
2667,2668,佼
2668,2669,美
2669,2670,猫
2670,2671,尾
2671,2672,轧
2672,2673,里
2673,2674,迩
2674,2675,酌
2675,2676,定
2676,2677,帖
2677,2678,德
2678,2679,抑
2679,2680,匙
2680,2681,瓣
2681,2682,黔
2682,2683,啤
2683,2684,即
2684,2685,炉
2685,2686,忏
2686,2687,坚
2687,2688,蹿
2688,2689,郅
2689,2690,迁
2690,2691,萦
2691,2692,讶
2692,2693,摆
2693,2694,弃
2694,2695,浸
2695,2696,虫
2696,2697,胎
2697,2698,艇
2698,2699,痱
2699,2700,依
2700,2701,乌
2701,2702,悸
2702,2703,诠
2703,2704,草
2704,2705,蛎
2705,2706,脏
2706,2707,交
2707,2708,胳
2708,2709,缀
2709,2710,馏
2710,2711,颓
2711,2712,京
2712,2713,若
2713,2714,蹬
2714,2715,砸
2715,2716,膛
2716,2717,铧
2717,2718,Ⅱ
2718,2719,翕
2719,2720,枕
2720,2721,遵
2721,2722,发
2722,2723,捅
2723,2724,鹭
2724,2725,筝
2725,2726,0
2726,2727,小
2727,2728,电
2728,2729,拴
2729,2730,吉
2730,2731,月
2731,2732,宙
2732,2733,涡
2733,2734,缮
2734,2735,汤
2735,2736,沓
2736,2737,兄
2737,2738,噌
2738,2739,减
2739,2740,列
2740,2741,益
2741,2742,醋
2742,2743,妾
2743,2744,覃
2744,2745,慌
2745,2746,戏
2746,2747,骗
2747,2748,浏
2748,2749,汛
2749,2750,休
2750,2751,短
2751,2752,辙
2752,2753,鳞
2753,2754,蕴
2754,2755,尝
2755,2756,捍
2756,2757,虽
2757,2758,轿
2758,2759,天
2759,2760,晨
2760,2761,桓
2761,2762,骆
2762,2763,饵
2763,2764,隽
2764,2765,换
2765,2766,券
2766,2767,憬
2767,2768,司
2768,2769,宁
2769,2770,荐
2770,2771,肆
2771,2772,长
2772,2773,昏
2773,2774,幽
2774,2775,锭
2775,2776,籁
2776,2777,史
2777,2778,跻
2778,2779,翌
2779,2780,惧
2780,2781,鲅
2781,2782,星
2782,2783,虑
2783,2784,朱
2784,2785,荷
2785,2786,1
2786,2787,拗
2787,2788,挠
2788,2789,荏
2789,2790,遂
2790,2791,豁
2791,2792,瘙
2792,2793,时
2793,2794,怦
2794,2795,尚
2795,2796,瞠
2796,2797,男
2797,2798,○
2798,2799,阎
2799,2800,土
2800,2801,盲
2801,2802,剽
2802,2803,宕
2803,2804,眈
2804,2805,颇
2805,2806,掉
2806,2807,冥
2807,2808,毅
2808,2809,觚
2809,2810,泥
2810,2811,脯
2811,2812,悼
2812,2813,龙
2813,2814,懂
2814,2815,隅
2815,2816,杳
2816,2817,筑
2817,2818,邀
2818,2819,湘
2819,2820,揣
2820,2821,宗
2821,2822,昔
2822,2823,铢
2823,2824,芗
2824,2825,庸
2825,2826,旯
2826,2827,瘦
2827,2828,莱
2828,2829,琴
2829,2830,硝
2830,2831,过
2831,2832,躬
2832,2833,遏
2833,2834,泠
2834,2835,豪
2835,2836,娜
2836,2837,籽
2837,2838,奠
2838,2839,缰
2839,2840,屈
2840,2841,富
2841,2842,咬
2842,2843,闻
2843,2844,包
2844,2845,含
2845,2846,嫔
2846,2847,庥
2847,2848,新
2848,2849,箍
2849,2850,疑
2850,2851,恭
2851,2852,伏
2852,2853,腑
2853,2854,氯
2854,2855,刘
2855,2856,懈
2856,2857,韦
2857,2858,阅
2858,2859,川
2859,2860,陉
2860,2861,始
2861,2862,净
2862,2863,鸦
2863,2864,畸
2864,2865,铀
2865,2866,眼
2866,2867,顿
2867,2868,俞
2868,2869,鲑
2869,2870,横
2870,2871,宾
2871,2872,烹
2872,2873,衡
2873,2874,膝
2874,2875,馆
2875,2876,簿
2876,2877,碟
2877,2878,岸
2878,2879,牾
2879,2880,蕊
2880,2881,灸
2881,2882,衩
2882,2883,钠
2883,2884,皮
2884,2885,床
2885,2886,眠
2886,2887,管
2887,2888,《
2888,2889,载
2889,2890,稿
2890,2891,儆
2891,2892,安
2892,2893,抗
2893,2894,倦
2894,2895,裙
2895,2896,缸
2896,2897,揖
2897,2898,骇
2898,2899,璇
2899,2900,娘
2900,2901,详
2901,2902,超
2902,2903,言
2903,2904,滞
2904,2905,州
2905,2906,虔
2906,2907,嚷
2907,2908,醍
2908,2909,沉
2909,2910,肯
2910,2911,足
2911,2912,负
2912,2913,挺
2913,2914,也
2914,2915,孩
2915,2916,乎
2916,2917,驿
2917,2918,鬻
2918,2919,密
2919,2920,裸
2920,2921,纸
2921,2922,脖
2922,2923,漾
2923,2924,卓
2924,2925,槐
2925,2926,坏
2926,2927,艾
2927,2928,秃
2928,2929,沌
2929,2930,话
2930,2931,赶
2931,2932,荆
2932,2933,痹
2933,2934,假
2934,2935,遮
2935,2936,庙
2936,2937,校
2937,2938,蟀
2938,2939,径
2939,2940,慎
2940,2941,备
2941,2942,饥
2942,2943,耕
2943,2944,葱
2944,2945,囱
2945,2946,骏
2946,2947,惕
2947,2948,钝
2948,2949,不
2949,2950,耿
2950,2951,莲
2951,2952,捐
2952,2953,宠
2953,2954,谏
2954,2955,岩
2955,2956,腈
2956,2957,峻
2957,2958,辽
2958,2959,褚
2959,2960,臀
2960,2961,碓
2961,2962,胸
2962,2963,履
2963,2964,孱
2964,2965,跨
2965,2966,陋
2966,2967,纪
2967,2968,戊
2968,2969,线
2969,2970,疲
2970,2971,患
2971,2972,乔
2972,2973,忧
2973,2974,祭
2974,2975,拥
2975,2976,人
2976,2977,熬
2977,2978,基
2978,2979,峰
2979,2980,复
2980,2981,撷
2981,2982,‰
2982,2983,嬉
2983,2984,少
2984,2985,锦
2985,2986,剌
2986,2987,笤
2987,2988,祁
2988,2989,拉
2989,2990,碑
2990,2991,帘
2991,2992,走
2992,2993,戚
2993,2994,寞
2994,2995,猝
2995,2996,葛
2996,2997,遇
2997,2998,王
2998,2999,途
2999,3000,蜡
3000,3001,灾
3001,3002,璐
3002,3003,缚
3003,3004,候
3004,3005,并
3005,3006,朴
3006,3007,夹
3007,3008,生
3008,3009,陌
3009,3010,改
3010,3011,乃
3011,3012,派
3012,3013,淳
3013,3014,桔
3014,3015,鸣
3015,3016,稼
3016,3017,氟
3017,3018,牡
3018,3019,辗
3019,3020,孪
3020,3021,想
3021,3022,樱
3022,3023,柔
3023,3024,颜
3024,3025,弄
3025,3026,搞
3026,3027,蛙
3027,3028,沿
3028,3029,回
3029,3030,琼
3030,3031,卒
3031,3032,巧
3032,3033,拟
3033,3034,e
3034,3035,瘤
3035,3036,猛
3036,3037,炕
3037,3038,Ⅰ
3038,3039,嘈
3039,3040,喀
3040,3041,能
3041,3042,铿
3042,3043,舆
3043,3044,双
3044,3045,鸥
3045,3046,枞
3046,3047,匕
3047,3048,泳
3048,3049,膺
3049,3050,荟
3050,3051,赭
3051,3052,佚
3052,3053,蜗
3053,3054,翼
3054,3055,户
3055,3056,攘
3056,3057,阻
3057,3058,荡
3058,3059,咱
3059,3060,豌
3060,3061,捏
3061,3062,铤
3062,3063,窿
3063,3064,谴
3064,3065,筵
3065,3066,淼
3066,3067,蜘
3067,3068,沛
3068,3069,班
3069,3070,诚
3070,3071,跌
3071,3072,圄
3072,3073,霞
3073,3074,愿
3074,3075,著
3075,3076,贤
3076,3077,努
3077,3078,骅
3078,3079,：
3079,3080,快
3080,3081,悄
3081,3082,项
3082,3083,巷
3083,3084,锤
3084,3085,蜕
3085,3086,哥
3086,3087,熊
3087,3088,汐
3088,3089,塘
3089,3090,支
3090,3091,扁
3091,3092,温
3092,3093,嘶
3093,3094,壹
3094,3095,充
3095,3096,赢
3096,3097,杨
3097,3098,维
3098,3099,杀
3099,3100,删
3100,3101,值
3101,3102,炜
3102,3103,ⅱ
3103,3104,抢
3104,3105,鞍
3105,3106,忘
3106,3107,锣
3107,3108,卞
3108,3109,疟
3109,3110,惶
3110,3111,呀
3111,3112,嗡
3112,3113,做
3113,3114,漶
3114,3115,栓
3115,3116,睐
3116,3117,垠
3117,3118,萝
3118,3119,滑
3119,3120,胄
3120,3121,蒋
3121,3122,记
3122,3123,汕
3123,3124,咫
3124,3125,甸
3125,3126,谆
3126,3127,倏
3127,3128,巡
3128,3129,渣
3129,3130,燕
3130,3131,堤
3131,3132,元
3132,3133,娶
3133,3134,闰
3134,3135,钞
3135,3136,掬
3136,3137,计
3137,3138,食
3138,3139,匍
3139,3140,岂
3140,3141,芙
3141,3142,理
3142,3143,粕
3143,3144,搓
3144,3145,颁
3145,3146,剥
3146,3147,摩
3147,3148,绰
3148,3149,捺
3149,3150,流
3150,3151,棚
3151,3152,艳
3152,3153,恙
3153,3154,蔓
3154,3155,谙
3155,3156,熏
3156,3157,笙
3157,3158,虚
3158,3159,文
3159,3160,碳
3160,3161,躯
3161,3162,屑
3162,3163,榜
3163,3164,深
3164,3165,溥
3165,3166,痢
3166,3167,昱
3167,3168,息
3168,3169,昕
3169,3170,蓿
3170,3171,c
3171,3172,遭
3172,3173,牙
3173,3174,叼
3174,3175,娥
3175,3176,嵊
3176,3177,答
3177,3178,洇
3178,3179,刃
3179,3180,胆
3180,3181,寡
3181,3182,娟
3182,3183,雪
3183,3184,／
3184,3185,匿
3185,3186,简
3186,3187,憾
3187,3188,僻
3188,3189,晴
3189,3190,升
3190,3191,菜
3191,3192,糙
3192,3193,鳌
3193,3194,悔
3194,3195,睛
3195,3196,奉
3196,3197,的
3197,3198,坎
3198,3199,啕
3199,3200,崖
3200,3201,朗
3201,3202,卖
3202,3203,素
3203,3204,眶
3204,3205,睦
3205,3206,弗
3206,3207,翰
3207,3208,馥
3208,3209,六
3209,3210,兔
3210,3211,角
3211,3212,筋
3212,3213,讹
3213,3214,蜇
3214,3215,郭
3215,3216,岳
3216,3217,厦
3217,3218,铲
3218,3219,畏
3219,3220,勒
3220,3221,姗
3221,3222,羡
3222,3223,茁
3223,3224,北
3224,3225,几
3225,3226,绸
3226,3227,叨
3227,3228,铆
3228,3229,湄
3229,3230,具
3230,3231,蓬
3231,3232,库
3232,3233,拭
3233,3234,宽
3234,3235,堂
3235,3236,鬓
3236,3237,辈
3237,3238,毋
3238,3239,嚎
3239,3240,张
3240,3241,盈
3241,3242,忙
3242,3243,徽
3243,3244,∥
3244,3245,杉
3245,3246,迸
3246,3247,侣
3247,3248,之
3248,3249,飓
3249,3250,哩
3250,3251,冀
3251,3252,烫
3252,3253,芨
3253,3254,误
3254,3255,梭
3255,3256,地
3256,3257,子
3257,3258,碧
3258,3259,啸
3259,3260,返
3260,3261,z
3261,3262,瞥
3262,3263,麸
3263,3264,8
3264,3265,越
3265,3266,孙
3266,3267,涓
3267,3268,浦
3268,3269,编
3269,3270,戾
3270,3271,娠
3271,3272,欣
3272,3273,开
3273,3274,幕
3274,3275,舍
3275,3276,肉
3276,3277,太
3277,3278,苇
3278,3279,曳
3279,3280,才
3280,3281,癖
3281,3282,彝
3282,3283,启
3283,3284,袒
3284,3285,应
3285,3286,援
3286,3287,沭
3287,3288,锁
3288,3289,掌
3289,3290,屁
3290,3291,魄
3291,3292,拮
3292,3293,插
3293,3294,奥
3294,3295,嗯
3295,3296,描
3296,3297,狱
3297,3298,冬
3298,3299,哉
3299,3300,v
3300,3301,恩
3301,3302,募
3302,3303,郑
3303,3304,挤
3304,3305,绘
3305,3306,贴
3306,3307,菇
3307,3308,渺
3308,3309,雌
3309,3310,赁
3310,3311,梅
3311,3312,詹
3312,3313,烂
3313,3314,茉
3314,3315,偌
3315,3316,萨
3316,3317,牛
3317,3318,冤
3318,3319,迢
3319,3320,谧
3320,3321,递
3321,3322,抡
3322,3323,徉
3323,3324,篡
3324,3325,状
3325,3326,谦
3326,3327,泉
3327,3328,娇
3328,3329,漳
3329,3330,心
3330,3331,寿
3331,3332,擂
3332,3333,转
3333,3334,酒
3334,3335,喇
3335,3336,谓
3336,3337,功
3337,3338,鹃
3338,3339,绞
3339,3340,概
3340,3341,缄
3341,3342,替
3342,3343,坦
3343,3344,涿
3344,3345,寻
3345,3346,罢
3346,3347,歧
3347,3348,藤
3348,3349,绢
3349,3350,摒
3350,3351,田
3351,3352,眩
3352,3353,奇
3353,3354,倪
3354,3355,烦
3355,3356,逐
3356,3357,瑾
3357,3358,棵
3358,3359,所
3359,3360,酶
3360,3361,〈
3361,3362,俾
3362,3363,罩
3363,3364,槎
3364,3365,财
3365,3366,撵
3366,3367,苗
3367,3368,常
3368,3369,久
3369,3370,叶
3370,3371,偿
3371,3372,怅
3372,3373,囿
3373,3374,吝
3374,3375,锄
3375,3376,镯
3376,3377,峡
3377,3378,j
3378,3379,眺
3379,3380,囚
3380,3381,丹
3381,3382,斗
3382,3383,愤
3383,3384,飘
3384,3385,例
3385,3386,春
3386,3387,弘
3387,3388,怪
3388,3389,肤
3389,3390,壳
3390,3391,侨
3391,3392,湟
3392,3393,辕
3393,3394,举
3394,3395,穗
3395,3396,酣
3396,3397,榄
3397,3398,隔
3398,3399,置
3399,3400,茏
3400,3401,瘟
3401,3402,4
3402,3403,烟
3403,3404,逆
3404,3405,睬
3405,3406,晶
3406,3407,继
3407,3408,聋
3408,3409,遐
3409,3410,标
3410,3411,页
3411,3412,鲁
3412,3413,扎
3413,3414,铱
3414,3415,彬
3415,3416,渠
3416,3417,猩
3417,3418,必
3418,3419,荧
3419,3420,撞
3420,3421,撂
3421,3422,咨
3422,3423,似
3423,3424,氧
3424,3425,罗
3425,3426,劫
3426,3427,许
3427,3428,浙
3428,3429,好
3429,3430,琉
3430,3431,津
3431,3432,竖
3432,3433,驭
3433,3434,判
3434,3435,蜈
3435,3436,冽
3436,3437,欠
3437,3438,戎
3438,3439,汨
3439,3440,右
3440,3441,瞧
3441,3442,棒
3442,3443,允
3443,3444,忽
3444,3445,闭
3445,3446,孟
3446,3447,收
3447,3448,鲈
3448,3449,邹
3449,3450,霜
3450,3451,白
3451,3452,质
3452,3453,漫
3453,3454,三
3454,3455,遁
3455,3456,孰
3456,3457,副
3457,3458,署
3458,3459,狙
3459,3460,朵
3460,3461,讼
3461,3462,贺
3462,3463,踪
3463,3464,松
3464,3465,袖
3465,3466,妻
3466,3467,绂
3467,3468,嶙
3468,3469,圆
3469,3470,扩
3470,3471,嶂
3471,3472,爹
3472,3473,急
3473,3474,吼
3474,3475,掏
3475,3476,烯
3476,3477,沦
3477,3478,茸
3478,3479,淹
3479,3480,死
3480,3481,肝
3481,3482,烽
3482,3483,缜
3483,3484,蝶
3484,3485,诰
3485,3486,精
3486,3487,7
3487,3488,剃
3488,3489,围
3489,3490,杷
3490,3491,核
3491,3492,仰
3492,3493,岔
3493,3494,索
3494,3495,耗
3495,3496,拢
3496,3497,渝
3497,3498,鸵
3498,3499,属
3499,3500,绩
3500,3501,缠
3501,3502,懵
3502,3503,阐
3503,3504,厄
3504,3505,赫
3505,3506,忡
3506,3507,敲
3507,3508,象
3508,3509,肖
3509,3510,y
3510,3511,拔
3511,3512,阂
3512,3513,蜂
3513,3514,樯
3514,3515,腮
3515,3516,杯
3516,3517,霍
3517,3518,桠
3518,3519,谩
3519,3520,区
3520,3521,命
3521,3522,闲
3522,3523,跋
3523,3524,免
3524,3525,姥
3525,3526,坝
3526,3527,损
3527,3528,坪
3528,3529,衬
3529,3530,黎
3530,3531,墟
3531,3532,蓓
3532,3533,腊
3533,3534,叭
3534,3535,酵
3535,3536,权
3536,3537,后
3537,3538,托
3538,3539,捕
3539,3540,搂
3540,3541,曰
3541,3542,龟
3542,3543,纯
3543,3544,崎
3544,3545,引
3545,3546,棘
3546,3547,沔
3547,3548,飒
3548,3549,丢
3549,3550,城
3550,3551,魂
3551,3552,惊
3552,3553,房
3553,3554,蒙
3554,3555,芽
3555,3556,牺
3556,3557,东
3557,3558,秋
3558,3559,溪
3559,3560,恃
3560,3561,个
3561,3562,款
3562,3563,奴
3563,3564,雀
3564,3565,吾
3565,3566,约
3566,3567,辉
3567,3568,唉
3568,3569,邃
3569,3570,偏
3570,3571,界
3571,3572,跺
3572,3573,曝
3573,3574,掘
3574,3575,帅
3575,3576,但
3576,3577,困
3577,3578,附
3578,3579,桶
3579,3580,沫
3580,3581,痕
3581,3582,枪
3582,3583,联
3583,3584,镌
3584,3585,刷
3585,3586,淌
3586,3587,寸
3587,3588,玛
3588,3589,屏
3589,3590,彪
3590,3591,辍
3591,3592,婉
3592,3593,△
3593,3594,凄
3594,3595,锐
3595,3596,今
3596,3597,磁
3597,3598,兼
3598,3599,樟
3599,3600,寄
3600,3601,姬
3601,3602,缪
3602,3603,毡
3603,3604,镜
3604,3605,烈
3605,3606,召
3606,3607,闪
3607,3608,愧
3608,3609,厢
3609,3610,首
3610,3611,澄
3611,3612,萄
3612,3613,斓
3613,3614,雾
3614,3615,本
3615,3616,握
3616,3617,耐
3617,3618,滚
3618,3619,锅
3619,3620,祷
3620,3621,辛
3621,3622,声
3622,3623,篷
3623,3624,泄
3624,3625,装
3625,3626,臭
3626,3627,郡
3627,3628,浚
3628,3629,咪
3629,3630,祸
3630,3631,狡
3631,3632,蛮
3632,3633,扭
3633,3634,秽
3634,3635,愚
3635,3636,领
3636,3637,微
3637,3638,咀
3638,3639,莉
3639,3640,靳
3640,3641,穆
3641,3642,宋
3642,3643,匐
3643,3644,家
3644,3645,隆
3645,3646,锂
3646,3647,亵
3647,3648,典
3648,3649,寰
3649,3650,褶
3650,3651,齐
3651,3652,串
3652,3653,晓
3653,3654,测
3654,3655,仍
3655,3656,惫
3656,3657,九
3657,3658,酬
3658,3659,菁
3659,3660,霆
3660,3661,尖
3661,3662,可
3662,3663,查
3663,3664,细
3664,3665,吟
3665,3666,阵
3666,3667,昌
3667,3668,氵
3668,3669,隐
3669,3670,浇
3670,3671,贯
3671,3672,涟
3672,3673,事
3673,3674,佰
3674,3675,蟋
3675,3676,龉
3676,3677,幸
3677,3678,圈
3678,3679,蜿
3679,3680,件
3680,3681,闯
3681,3682,挚
3682,3683,喉
3683,3684,荔
3684,3685,江
3685,3686,边
3686,3687,皋
3687,3688,犀
3688,3689,呢
3689,3690,瑰
3690,3691,邵
3691,3692,矣
3692,3693,邬
3693,3694,殊
3694,3695,惨
3695,3696,晏
3696,3697,此
3697,3698,耀
3698,3699,喻
3699,3700,盂
3700,3701,嫌
3701,3702,雁
3702,3703,敞
3703,3704,陲
3704,3705,咋
3705,3706,裘
3706,3707,垄
3707,3708,侠
3708,3709,奋
3709,3710,志
3710,3711,登
3711,3712,亨
3712,3713,吒
3713,3714,滟
3714,3715,陨
3715,3716,晰
3716,3717,阮
3717,3718,帕
3718,3719,脂
3719,3720,骧
3720,3721,掰
3721,3722,菲
3722,3723,鳖
3723,3724,b
3724,3725,腼
3725,3726,晤
3726,3727,弯
3727,3728,增
3728,3729,准
3729,3730,梦
3730,3731,诊
3731,3732,氨
3732,3733,垣
3733,3734,聂
3734,3735,耦
3735,3736,凯
3736,3737,淦
3737,3738,辂
3738,3739,肩
3739,3740,徇
3740,3741,蒜
3741,3742,姜
3742,3743,吓
3743,3744,淋
3744,3745,昊
3745,3746,夙
3746,3747,达
3747,3748,胁
3748,3749,掺
3749,3750,十
3750,3751,票
3751,3752,粒
3752,3753,褴
3753,3754,挨
3754,3755,泵
3755,3756,壤
3756,3757,憨
3757,3758,庐
3758,3759,哟
3759,3760,惭
3760,3761,旨
3761,3762,嘀
3762,3763,添
3763,3764,层
3764,3765,付
3765,3766,塔
3766,3767,渊
3767,3768,摈
3768,3769,辰
3769,3770,忱
3770,3771,迦
3771,3772,体
3772,3773,唤
3773,3774,避
3774,3775,l
3775,3776,蹒
3776,3777,欧
3777,3778,版
3778,3779,茫
3779,3780,耶
3780,3781,（
3781,3782,挫
3782,3783,铮
3783,3784,悉
3784,3785,赞
3785,3786,琅
3786,3787,佩
3787,3788,驰
3788,3789,憎
3789,3790,数
3790,3791,涅
3791,3792,觏
3792,3793,旋
3793,3794,痈
3794,3795,萎
3795,3796,颈
3796,3797,破
3797,3798,汽
3798,3799,帆
3799,3800,貌
3800,3801,檄
3801,3802,憋
3802,3803,躇
3803,3804,育
3804,3805,匀
3805,3806,挥
3806,3807,k
3807,3808,谬
3808,3809,脱
3809,3810,聆
3810,3811,刚
3811,3812,髅
3812,3813,诉
3813,3814,杭
3814,3815,攻
3815,3816,盒
3816,3817,呕
3817,3818,呵
3818,3819,距
3819,3820,契
3820,3821,矶
3821,3822,枣
3822,3823,系
3823,3824,冼
3824,3825,戈
3825,3826,斋
3826,3827,碌
3827,3828,溶
3828,3829,魔
3829,3830,湎
3830,3831,骷
3831,3832,谍
3832,3833,酗
3833,3834,蕾
3834,3835,曲
3835,3836,捎
3836,3837,憩
3837,3838,鲇
3838,3839,卷
3839,3840,”
3840,3841,咙
3841,3842,义
3842,3843,树
3843,3844,傅
3844,3845,片
3845,3846,般
3846,3847,禁
3847,3848,彭
3848,3849,怡
3849,3850,稽
3850,3851,称
3851,3852,淄
3852,3853,嘎
3853,3854,驱
3854,3855,伤
3855,3856,逃
3856,3857,宫
3857,3858,寺
3858,3859,梢
3859,3860,碗
3860,3861,送
3861,3862,忌
3862,3863,犷
3863,3864,怔
3864,3865,颞
3865,3866,！
3866,3867,丽
3867,3868,韬
3868,3869,斡
3869,3870,访
3870,3871,蛛
3871,3872,谋
3872,3873,龛
3873,3874,廓
3874,3875,痫
3875,3876,翔
3876,3877,曙
3877,3878,宓
3878,3879,础
3879,3880,彼
3880,3881,④
3881,3882,汝
3882,3883,无
3883,3884,迹
3884,3885,瞅
3885,3886,高
3886,3887,魅
3887,3888,某
3888,3889,蛟
3889,3890,乳
3890,3891,嘹
3891,3892,预
3892,3893,泰
3893,3894,搅
3894,3895,倒
3895,3896,裆
3896,3897,软
3897,3898,惆
3898,3899,攥
3899,3900,赂
3900,3901,栗
3901,3902,零
3902,3903,①
3903,3904,i
3904,3905,狗
3905,3906,厮
3906,3907,肮
3907,3908,哲
3908,3909,妄
3909,3910,尔
3910,3911,广
3911,3912,堰
3912,3913,柳
3913,3914,毁
3914,3915,格
3915,3916,冻
3916,3917,栩
3917,3918,价
3918,3919,唁
3919,3920,摄
3920,3921,慰
3921,3922,镇
3922,3923,伪
3923,3924,衔
3924,3925,虹
3925,3926,洗
3926,3927,字
3927,3928,楠
3928,3929,寐
3929,3930,着
3930,3931,订
3931,3932,阿
3932,3933,钾
3933,3934,庆
3934,3935,珑
3935,3936,褐
3936,3937,缳
3937,3938,跤
3938,3939,古
3939,3940,旺
3940,3941,凤
3941,3942,占
3942,3943,嗓
3943,3944,孬
3944,3945,瓦
3945,3946,练
3946,3947,念
3947,3948,君
3948,3949,翠
3949,3950,口
3950,3951,篇
3951,3952,疵
3952,3953,晟
3953,3954,诞
3954,3955,俗
3955,3956,伊
3956,3957,褛
3957,3958,征
3958,3959,犄
3959,3960,邪
3960,3961,儒
3961,3962,躺
3962,3963,粘
3963,3964,罂
3964,3965,波
3965,3966,申
3966,3967,篝
3967,3968,怎
3968,3969,剑
3969,3970,朦
3970,3971,尴
3971,3972,韶
3972,3973,跑
3973,3974,霸
3974,3975,嚼
3975,3976,濒
3976,3977,薄
3977,3978,葫
3978,3979,濯
3979,3980,岛
3980,3981,瀑
3981,3982,园
3982,3983,寅
3983,3984,任
3984,3985,磋
3985,3986,澎
3986,3987,贲
3987,3988,抿
3988,3989,坛
3989,3990,婪
3990,3991,斟
3991,3992,岌
3992,3993,诬
3993,3994,忆
3994,3995,麦
3995,3996,碎
3996,3997,诈
3997,3998,拱
3998,3999,诽
3999,4000,袭
4000,4001,课
4001,4002,熙
4002,4003,怒
4003,4004,创
4004,4005,赈
4005,4006,剪
4006,4007,速
4007,4008,遣
4008,4009,薛
4009,4010,辟
4010,4011,业
4011,4012,滋
4012,4013,呈
4013,4014,喊
4014,4015,秧
4015,4016,朝
4016,4017,营
4017,4018,社
4018,4019,黑
4019,4020,瘁
4020,4021,习
4021,4022,3
4022,4023,桌
4023,4024,闳
4024,4025,冯
4025,4026,誓
4026,4027,卡
4027,4028,卅
4028,4029,驴
4029,4030,季
4030,4031,境
4031,4032,棍
4032,4033,楹
4033,4034,段
4034,4035,庭
4035,4036,挖
4036,4037,缅
4037,4038,茴
4038,4039,和
4039,4040,帽
4040,4041,撬
4041,4042,观
4042,4043,蝇
4043,4044,匣
4044,4045,乱
4045,4046,绣
4046,4047,训
4047,4048,胃
4048,4049,汰
4049,4050,钊
4050,4051,珮
4051,4052,狠
4052,4053,永
4053,4054,沃
4054,4055,谡
4055,4056,莒
4056,4057,苒
4057,4058,吃
4058,4059,匆
4059,4060,溉
4060,4061,岑
4061,4062,胡
4062,4063,瘸
4063,4064,沅
4064,4065,町
4065,4066,单
4066,4067,乡
4067,4068,瞎
4068,4069,一
4069,4070,赖
4070,4071,这
4071,4072,肾
4072,4073,臣
4073,4074,笼
4074,4075,襟
4075,4076,藉
4076,4077,脆
4077,4078,屹
4078,4079,桩
4079,4080,倩
4080,4081,倘
4081,4082,仇
4082,4083,璜
4083,4084,汪
4084,4085,二
4085,4086,将
4086,4087,耙
4087,4088,癫
4088,4089,蹈
4089,4090,桂
4090,4091,蕤
4091,4092,犹
4092,4093,梳
4093,4094,怵
4094,4095,袁
4095,4096,皆
4096,4097,血
4097,4098,骄
4098,4099,渡
4099,4100,钢
4100,4101,叠
4101,4102,粗
4102,4103,官
4103,4104,诗
4104,4105,怯
4105,4106,瘾
4106,4107,鸭
4107,4108,祥
4108,4109,窖
4109,4110,逶
4110,4111,．
4111,4112,冈
4112,4113,斧
4113,4114,形
4114,4115,凉
4115,4116,迎
4116,4117,喘
4117,4118,疼
4118,4119,枚
4119,4120,谤
4120,4121,南
4121,4122,瑞
4122,4123,璋
4123,4124,初
4124,4125,楚
4125,4126,蔗
4126,4127,啭
4127,4128,坑
4128,4129,衫
4129,4130,碴
4130,4131,衣
4131,4132,逊
4132,4133,携
4133,4134,积
4134,4135,喷
4135,4136,篆
4136,4137,挪
4137,4138,拘
4138,4139,雅
4139,4140,恰
4140,4141,间
4141,4142,缆
4142,4143,瘠
4143,4144,懋
4144,4145,绒
4145,4146,诛
4146,4147,瑕
4147,4148,成
4148,4149,取
4149,4150,万
4150,4151,徊
4151,4152,硼
4152,4153,稞
4153,4154,你
4154,4155,幼
4155,4156,鲤
4156,4157,蚕
4157,4158,种
4158,4159,等
4159,4160,济
4160,4161,怀
4161,4162,炮
4162,4163,侗
4163,4164,沟
4164,4165,耻
4165,4166,噙
4166,4167,我
4167,4168,禧
4168,4169,催
4169,4170,在
4170,4171,殡
4171,4172,稔
4172,4173,腔
4173,4174,歌
4174,4175,’
4175,4176,泊
4176,4177,叉
4177,4178,柏
4178,4179,弥
4179,4180,束
4180,4181,限
4181,4182,郝
4182,4183,坐
4183,4184,目
4184,4185,光
4185,4186,振
4186,4187,暮
4187,4188,撑
4188,4189,窝
4189,4190,隙
4190,4191,肽
4191,4192,祈
4192,4193,鹤
4193,4194,鹄
4194,4195,剿
4195,4196,洲
4196,4197,归
4197,4198,炳
4198,4199,认
4199,4200,徒
4200,4201,烷
4201,4202,祉
4202,4203,执
4203,4204,循
4204,4205,凶
4205,4206,涨
4206,4207,昀
4207,4208,洛
4208,4209,洪
4209,4210,翅
4210,4211,怕
4211,4212,衍
4212,4213,睹
4213,4214,唆
4214,4215,仲
4215,4216,呷
4216,4217,腆
4217,4218,沾
4218,4219,惘
4219,4220,婆
4220,4221,悬
4221,4222,录
4222,4223,寨
4223,4224,镑
4224,4225,臾
4225,4226,咒
4226,4227,泪
4227,4228,臼
4228,4229,晋
4229,4230,缴
4230,4231,椅
4231,4232,吧
4232,4233,侵
4233,4234,茨
4234,4235,惰
4235,4236,默
4236,4237,宛
4237,4238,茗
4238,4239,滹
4239,4240,腹
4240,4241,修
4241,4242,顶
4242,4243,梨
4243,4244,踢
4244,4245,狄
4245,4246,宿
4246,4247,醇
4247,4248,枉
4248,4249,莞
4249,4250,堵
4250,4251,养
4251,4252,程
4252,4253,则
4253,4254,代
4254,4255,键
4255,4256,妇
4256,4257,洼
4257,4258,鏊
4258,4259,阙
4259,4260,到
4260,4261,完
4261,4262,讲
4262,4263,易
4263,4264,斌
4264,4265,驻
4265,4266,噩
4266,4267,捞
4267,4268,茧
4268,4269,器
4269,4270,秀
4270,4271,幌
4271,4272,寒
4272,4273,从
4273,4274,第
4274,4275,焯
4275,4276,非
4276,4277,坞
4277,4278,瞄
4278,4279,膏
4279,4280,哪
4280,4281,谨
4281,4282,逸
4282,4283,葩
4283,4284,洱
4284,4285,暇
4285,4286,隘
4286,4287,秩
4287,4288,烃
4288,4289,皖
4289,4290,油
4290,4291,排
4291,4292,它
4292,4293,濠
4293,4294,杖
4294,4295,焚
4295,4296,账
4296,4297,有
4297,4298,炊
4298,4299,络
4299,4300,鳄
4300,4301,觉
4301,4302,剩
4302,4303,暖
4303,4304,咏
4304,4305,琳
4305,4306,袂
4306,4307,填
4307,4308,仪
4308,4309,沏
4309,4310,殆
4310,4311,赳
4311,4312,璃
4312,0,PAD
